HKr18,Human,19,20,Ubiquitous,Repressor,or,RNA,pol,II,,,,,,
HKr19,Human,7,11,Testis,Cell,differentiation,,,,,,,,,
KID+AC0-1,Human,5q35.3,13,Ubiquitous,Nucleolar,integrity,,,,,,,,,
Kid2,Mouse,11,13,Embryonic,+ACI-brain,+ACI-,Mouse,development,,,,,,,,
+ACI-kidney,+ACI-,gut,and,,,,,,,,,,,,,
lung,,,,,,,,,,,,,,,
Kid3,Mouse,11,11,Embryonic,(E16.5),Kidney,development,,,,,,,,
+ACI-kidney,+ACI-,+ACI-gut,+ACI-,lung,,,,,,,,,,,,,
and,heart,,,,,,,,,,,,,,
KOX1,Human,12q24.33,9,Ubiquitous,Repressor,of,RNA,pol,+ACI-I,+ACI-,+ACI-II,+ACI-,and,II,promoters,,
KRAZ1,Mouse,17,15,Ubiquitous,Repressor,or,RNA,pol,II,,,,,,
KRAZ2,Mouse,5,9,Ubiquitous,Repressor,or,RNA,pol,II,,,,,,
KS1,Rat,10,Ubiquitous,Tumor,suppressor,,,,,,,,,,
KZF+AC0-1,Rat,6,9,Testis,Spermatogenesis,,,,,,,,,,
RbaK,Human,7,16,Ubiquitous,Cell,cycle,arrest,,,,,,,,
RITA,Human,9q13,12,Ubiquitous,Thyroid,carcinoma,,,,,,,,,
ZBRK1,Human,19q13.41,8,Skeletal,muscle,Interaction,with,Brca1,,,,,,,
ZF5128,Human,19,9,Ubiquitous,T,cell,activation,,,,,,,,
ZNF41,Human,Xp11.2,18,Ubiquitous,Flanking,a,translocation,breakpoint,in,synovial,,,,,
,,,,,,,,,,,,,,,
ZNF43,Human,19p13.1+AC0-p12,22,T,+ACI-cell,+ACI-,B,+ACI-cell,+ACI-,and,Differentiation,and,growth,arrest,in,Ewing,cells
Ewing,cells,,,,,,,,,,,,,,
ZNF85,Human,19p13.1+AC0-p12,15,Ubiquitous,Repressor,RNA,pol,II,,,,,,,
ZNF91,Human,19p12,27,Seminoma,and,Repression,of,the,human,Fc,gamma,RIIB,gene,,
lymphoid,cells,,,,,,,,,,,,,,
ZNF133,Human,20p11.23,15,Ubiquitous,Repressor,RNA,pol,II,,,,,,,
ZNF140,Human,12q24,9,Lymphoid,cells,Repression,of,the,human,Fc,gamma,RIIB,gene,,
ZNF141,Human,4p16.3,10,Ubiquitous,Candidate,for,the,Wolf+AC0-Hirschhorn,syndrome,,,,,,
ZNF157,Human,Xp11.2,12,Blood,vessels,Potential,hotspot,for,neurogenetic,disorders,,,,,
,,,,,,,,,,,,,,,
,,,,,,,,,,,,,,,
,,,,,,,,,,,,,,,
,,,,,,,,,,,,,,,
+ACI-Review name (B box), only human+ACI-,Uniprot name (from GeneCards),CLUSTALW result name,,,,,,,,,,,,,
HKr18,Q9HCG1,ZN160+AF8-HUMAN ,GLCHFDMNIISMLEEG,,,,,,,,,,,,
HKr19,Q96JC4,ZN479+AF8-HUMAN ,GIAVSKPDLITCLEQN,,,,,,,,,,,,
KID+AC0-1,O60765,Z354A+AF8-HUMAN,GLPFTKPKVISLLQQG,,,,,,,,,,,,
KOX1,P21506,ZNF10+AF8-HUMAN,GYQLTKPDVILRLEKG,,,,,,,,,,,,
RbaK,Q9NYW8,RBAK+AF8-HUMAN,GYDTTKPNVIIKLEQG,,,,,,,,,,,,
RITA,Q9NQX6,ZN331+AF8-HUMAN,+AC0ALQAtAC0ALQAtAC0-DLESAYENK,wtf is this guy ? No compliant isoform either+ICY- Removed from the list,,,,,,,,,,,
ZBRK1,Q9GZX5,ZN350+AF8-HUMAN,GYQASKPDALFKLEQG,,,,,,,,,,,,
ZF5128,O75467,Z324A+AF8-HUMAN,GLSTSRPRVVIQLERG,,,,,,,,,,,,
ZNF41,P51814,ZNF41+AF8-HUMAN,GYQIPKSEAAFKLEQG,,,,,,,,,,,,
ZNF43,P17038,ZNF43+AF8-HUMAN,GIAVSKPDLITCLEQE,,,,,,,,,,,,
ZNF85,Q03923,ZNF85+AF8-HUMAN,GITVSKPDLITCLEQG,,,,,,,,,,,,
ZNF91,Q05481,ZNF91+AF8-HUMAN,GIALSKPDLITYLEQG,,,,,,,,,,,,
ZNF133,P52736,ZN133+AF8-HUMAN,GISFSKPELITQLEQG,,,,,,,,,,,,
ZNF140,P52738,ZN140+AF8-HUMAN,GLSISKPDVVSLLEQG,,,,,,,,,,,,
ZNF141,Q15928,ZN141+AF8-HUMAN,GVAISNPDLVTCLEQR,,,,,,,,,,,,
ZNF157,P51786,ZN157+AF8-HUMAN,GLCVAKPEMIFKLERG,,,,,,,,,,,,
